<?xml version="1.0" encoding="UTF-8"?>
<project-private xmlns="http://www.netbeans.org/ns/project-private/1">
    <editor-bookmarks xmlns="http://www.netbeans.org/ns/editor-bookmarks/2" lastBookmarkId="0"/>
    <open-files xmlns="http://www.netbeans.org/ns/projectui-open-files/2">
        <group>
            <file>file:/C:/Users/grice/OneDrive/Documentos/NetBeansProjects/ZooPP/src/zoopp/Dieta.java</file>
            <file>file:/C:/Users/grice/OneDrive/Documentos/NetBeansProjects/ZooPP/src/zoopp/Zoo.java</file>
            <file>file:/C:/Users/grice/OneDrive/Documentos/NetBeansProjects/ZooPP/src/zoopp/Reptil.java</file>
            <file>file:/C:/Users/grice/OneDrive/Documentos/NetBeansProjects/ZooPP/src/zoopp/TestZooPP.java</file>
            <file>file:/C:/Users/grice/OneDrive/Documentos/NetBeansProjects/ZooPP/src/zoopp/Mamifero.java</file>
            <file>file:/C:/Users/grice/OneDrive/Documentos/NetBeansProjects/ZooPP/src/zoopp/Ave.java</file>
            <file>file:/C:/Users/grice/OneDrive/Documentos/NetBeansProjects/ZooPP/src/zoopp/Animal.java</file>
        </group>
    </open-files>
</project-private>
